USE [Exams]

INSERT INTO [Groups] (Gr_Id,Gr_name,Year_of_Study)
VALUES
  (1,'ultrices a,',1),
  (2,'vestibulum',2),
  (3,'hendrerit neque. In',2),
  (4,'id ante',3),
  (5,'semper',4);

INSERT INTO [Students] (Stud_Id,Name,Surname,Gender,Date_of_Birth,Has_scholarship,Group_Id)
VALUES
  (1,'Brynne','Simmons','M','1977-12-16 02:19:57','1',3),
  (2,'Knox','Dorsey','M','1961-07-23 19:19:26','1',4),
  (3,'Rhoda','Flynn','F','2000-12-16 17:04:36','1',3),
  (4,'Jenna','Cooper','F','1989-01-22 17:41:44','1',3),
  (5,'Mufutau','Herman','M','1996-07-24 00:26:03','1',2),
  (6,'Stacey','Valdez','M','1976-08-30 08:33:40','1',5),
  (7,'Richard','Ferrell','F','1997-01-13 21:45:30','1',4),
  (8,'Emily','Olson','F','1974-07-06 00:01:19','0',3),
  (9,'Charles','Ward','M','1971-01-30 02:10:24','0',4),
  (10,'Bianca','Norris','M','1994-12-05 10:29:00','0',4),
  (11,'TaShya','Puckett','F','1983-11-03 08:21:17','0',2),
  (12,'Cheyenne','Mcfadden','F','1979-05-30 01:15:13','1',2),
  (13,'Slade','Cooke','M','1964-02-14 23:07:16','1',2),
  (14,'Lilah','Finley','M','1977-07-28 06:57:44','1',2),
  (15,'Linda','Lara','F','1977-07-22 15:23:48','0',4),
  (16,'Lawrence','Meadows','F','1994-09-11 00:22:43','1',3),
  (17,'Barbara','Morrison','M','1994-01-12 02:22:24','0',5),
  (18,'Jeanette','Hester','M','1998-01-10 15:06:35','1',3),
  (19,'Medge','Estes','F','1987-11-16 15:45:55','1',3),
  (20,'Justina','Rowland','F','2001-01-21 13:43:31','0',5),
  (21,'Emily','Dickson','M','1975-11-25 18:50:39','1',3),
  (22,'Cadman','Owens','M','1998-01-24 13:48:38','0',2),
  (23,'Julian','Lyons','F','1962-02-13 22:03:35','0',4),
  (24,'Carly','Atkinson','F','1999-01-22 23:49:57','0',4),
  (25,'Paki','Waller','M','1978-04-29 01:18:04','1',1),
  (26,'Cade','Watkins','M','1963-03-04 15:38:22','0',4),
  (27,'Ulla','Haney','F','1974-09-06 22:56:11','0',4),
  (28,'Oliver','Ayers','F','1999-08-24 11:49:21','1',3),
  (29,'Porter','Moran','M','1969-10-13 22:56:06','1',4),
  (30,'Julian','Mcintyre','M','1977-09-04 21:38:47','1',3),
  (31,'Axel','Sutton','F','1960-04-28 08:30:45','1',2),
  (32,'Malcolm','Dejesus','F','1961-11-14 11:22:29','1',5),
  (33,'Hedley','Salas','M','2001-08-25 13:32:50','1',5),
  (34,'Rashad','Jacobson','M','1997-03-23 17:52:15','1',2),
  (35,'Glenna','Mclean','F','1972-02-24 20:54:38','0',2),
  (36,'April','Mendez','F','1991-06-27 07:04:15','1',3),
  (37,'Thaddeus','Knight','M','1969-04-10 11:15:13','0',1),
  (38,'Oleg','Bartlett','M','1992-10-08 20:49:13','0',4),
  (39,'Martha','Leach','F','1990-08-23 09:15:44','0',3),
  (40,'Dawn','Benson','F','1996-05-31 06:52:56','0',4),
  (41,'Gemma','Avery','M','1999-01-15 10:46:17','1',1),
  (42,'Deacon','Trujillo','M','1990-02-20 07:28:28','0',5),
  (43,'August','Brennan','F','1995-05-14 21:14:39','0',2),
  (44,'Jesse','Richard','F','1972-01-13 21:35:36','1',4),
  (45,'Shoshana','Stokes','M','1980-05-12 23:42:50','1',2),
  (46,'Brody','Rollins','M','1976-11-12 20:43:36','0',5),
  (47,'Alec','Benjamin','F','2001-03-09 02:46:58','1',5),
  (48,'Reese','Macdonald','F','1966-09-02 19:27:14','1',2),
  (49,'Vernon','Sykes','M','1996-08-12 11:09:12','1',1),
  (50,'Lane','Hull','M','1982-06-16 06:32:48','1',5);

INSERT INTO [Teachers] (Teacher_Id,Name,Surname,Date_of_Birth)
VALUES
  (1,'Griffin','Anthony','1965-03-14 03:46:38'),
  (2,'Sage','Patterson','1962-04-23 02:22:21'),
  (3,'Meghan','Moon','1987-09-13 21:36:12'),
  (4,'Craig','Pickett','1988-02-14 22:52:25'),
  (5,'Aristotle','Morales','1997-07-21 02:45:30'),
  (6,'Adrian','Andrews','1963-04-17 12:54:36'),
  (7,'Arthur','Herrera','1986-12-28 21:58:35'),
  (8,'Anthony','Compton','1982-10-10 01:35:22'),
  (9,'Steel','Bryant','2000-11-22 13:57:48'),
  (10,'Aphrodite','Duke','1961-08-03 14:35:38');

INSERT INTO [dbo].[Disciplines] ([Discipline_Id],[Disc_name])
VALUES
  (1, 'Mathematics'),
  (2, 'Computer Programming'),
  (3, 'Literature'),
  (4, 'History'),
  (5, 'Physics')

INSERT INTO Marks (Teacher_Id,Student_Id,Disc_Id,Date_of_Exam,Mark)
VALUES
  (10,18,4,'1962-06-12 03:53:04',6),
  (6,12,5,'1995-03-02 19:39:54',1),
  (6,48,4,'1967-07-24 03:34:26',4),
  (5,3,3,'1972-04-25 01:57:07',7),
  (7,38,2,'1992-04-03 01:14:07',3),
  (9,21,5,'1995-05-24 02:16:08',4),
  (10,2,3,'1971-04-24 06:39:07',9),
  (6,43,5,'1983-03-06 01:36:56',9),
  (10,39,1,'1959-08-05 01:17:29',6),
  (5,35,2,'1963-08-08 07:35:09',8),
  (5,15,1,'1978-04-15 04:33:07',8),
  (3,40,3,'1980-12-21 12:13:56',5),
  (2,50,1,'1989-09-12 20:55:57',3),
  (3,21,5,'1979-11-08 23:24:25',10),
  (5,45,4,'1962-08-13 10:13:03',2),
  (8,22,2,'1993-01-12 08:37:09',8),
  (6,2,1,'1963-06-09 16:59:51',9),
  (7,47,2,'1990-10-10 14:49:50',4),
  (3,11,4,'1959-07-13 07:02:58',10),
  (5,16,2,'1993-04-25 09:10:40',6),
  (5,42,4,'1971-03-23 21:27:29',8),
  (6,2,2,'1968-10-30 14:39:36',4),
  (3,16,2,'1977-09-23 23:30:04',6),
  (3,2,4,'1993-12-05 03:40:54',6),
  (6,47,4,'1999-12-08 02:26:54',2),
  (7,15,2,'1977-08-01 01:17:35',3),
  (2,29,4,'1962-04-18 02:04:39',5),
  (2,26,3,'1977-03-10 13:51:42',1),
  (6,32,4,'1963-06-10 09:55:14',4),
  (4,4,4,'1971-04-12 01:07:53',3),
  (4,49,2,'1964-09-14 21:23:21',9),
  (9,8,5,'1987-01-12 06:14:31',10),
  (5,11,5,'1972-12-31 08:42:13',5),
  (3,9,3,'1979-05-07 01:29:52',9),
  (4,33,5,'1975-02-09 05:08:26',1),
  (7,42,3,'1968-04-13 20:49:16',10),
  (6,13,4,'1976-11-02 00:58:54',7),
  (7,45,5,'1959-03-27 16:15:19',8),
  (9,32,1,'1997-08-25 02:05:10',1),
  (6,43,1,'1978-11-10 03:51:20',5),
  (6,35,3,'1988-02-06 04:51:14',4),
  (3,14,2,'1979-01-21 15:09:42',5),
  (7,26,2,'1967-05-21 02:50:04',3),
  (7,25,2,'1981-07-08 16:36:53',7),
  (1,13,3,'1974-10-31 23:12:27',10),
  (2,7,4,'1994-07-27 14:07:41',3),
  (2,41,5,'1965-06-13 11:35:46',3),
  (7,24,2,'1995-07-05 21:23:20',6),
  (7,38,4,'1994-05-19 22:16:25',6),
  (9,32,5,'1959-03-05 17:44:18',7),
  (7,32,2,'1979-03-29 02:51:12',1),
  (6,26,3,'1997-04-16 03:33:08',3),
  (5,22,2,'1990-05-26 13:23:56',7),
  (3,41,2,'1974-06-13 08:05:27',7),
  (6,45,2,'1960-06-13 14:37:14',4),
  (8,23,2,'1964-12-27 00:54:32',7),
  (9,10,3,'1964-08-18 09:43:28',2),
  (7,47,3,'1988-09-30 11:24:39',2),
  (3,25,3,'1984-06-02 14:55:42',2),
  (9,32,2,'1975-03-12 03:36:09',8),
  (9,41,3,'1993-11-04 18:16:31',6),
  (8,13,1,'1968-03-28 15:58:14',7),
  (3,22,2,'1986-02-21 09:23:45',9),
  (4,5,2,'1992-06-26 01:59:54',6),
  (1,13,4,'1993-10-12 19:31:08',2),
  (10,13,1,'1970-07-14 12:27:00',7),
  (4,28,4,'1971-07-16 07:30:11',9),
  (4,5,3,'1960-12-17 06:36:37',5),
  (9,10,1,'1969-03-10 02:13:16',4),
  (5,8,1,'1987-10-31 16:14:45',6),
  (4,7,5,'1979-05-12 10:55:42',3),
  (1,42,4,'1965-05-26 17:05:03',2),
  (9,15,2,'1968-12-06 05:50:40',1),
  (8,48,5,'1997-09-01 00:19:13',1),
  (2,7,1,'1959-03-22 14:35:42',2),
  (5,42,2,'1959-10-11 07:32:26',9),
  (5,8,2,'1973-02-07 16:51:35',10),
  (5,42,4,'1985-09-17 10:45:04',6),
  (2,11,3,'1968-09-10 23:12:32',3),
  (5,31,3,'1959-11-15 10:44:09',3),
  (3,24,2,'2001-03-26 07:19:42',7),
  (3,17,4,'1967-10-12 18:17:32',6),
  (8,7,1,'1960-12-07 07:05:44',2),
  (9,23,3,'1981-04-23 19:50:30',10),
  (2,40,4,'1976-05-22 22:10:34',3),
  (5,40,2,'1975-09-23 04:19:26',10),
  (1,15,2,'1974-05-12 17:11:43',7),
  (2,13,2,'1998-06-01 06:13:57',7),
  (5,26,4,'1976-04-14 10:10:30',6),
  (8,26,1,'1972-01-16 19:10:51',2),
  (6,23,5,'1990-09-24 19:14:16',1),
  (6,40,3,'1988-08-17 12:57:17',2),
  (9,15,2,'1968-08-20 03:27:48',2),
  (3,16,3,'1993-08-24 18:53:46',7),
  (4,43,3,'1980-11-15 09:57:09',9),
  (7,45,2,'1960-01-11 09:14:35',9),
  (8,20,2,'1993-07-22 16:48:15',9),
  (6,3,4,'1974-10-12 12:27:06',4),
  (6,24,4,'1970-08-28 19:57:51',3),
  (3,4,4,'1979-08-14 17:56:18',10),
  (10,7,5,'1998-08-07 16:20:48',3),
  (5,38,3,'1969-03-15 01:31:59',3),
  (7,8,4,'1998-07-12 22:00:46',7),
  (3,17,5,'1966-02-08 17:13:59',6),
  (6,42,1,'1964-01-07 02:21:14',6),
  (10,44,3,'1999-06-03 19:29:09',9),
  (5,13,4,'1969-03-09 00:58:59',9),
  (7,42,3,'1995-04-16 14:31:24',4),
  (6,26,3,'1973-02-04 03:21:54',4),
  (9,33,5,'1992-08-11 11:15:48',3),
  (5,4,4,'1966-12-17 16:48:06',3),
  (6,18,4,'1996-05-23 23:12:40',9),
  (3,39,2,'2000-01-27 09:31:48',5),
  (7,41,3,'1959-08-04 19:49:24',7),
  (9,30,4,'1996-03-12 01:55:21',1),
  (8,22,1,'1990-03-05 22:46:01',1),
  (5,22,2,'1959-12-26 00:36:16',6),
  (10,27,1,'1977-05-09 15:16:42',10),
  (10,11,3,'1978-03-08 09:50:13',6),
  (2,31,3,'1980-10-18 21:30:13',10),
  (2,36,2,'1992-05-03 03:49:04',1),
  (10,42,3,'1980-11-10 13:16:13',1),
  (3,13,1,'1964-02-10 21:21:40',9),
  (3,12,1,'1982-08-07 01:37:22',2),
  (5,11,4,'1995-11-22 16:33:14',4),
  (3,45,3,'1993-05-06 15:20:03',5),
  (7,39,2,'1990-01-26 04:32:01',4),
  (10,13,5,'1994-11-27 21:26:01',4),
  (1,25,2,'1970-08-17 09:50:20',8),
  (7,3,3,'1983-10-15 12:45:02',7),
  (1,5,3,'1973-08-04 22:06:28',7),
  (4,9,3,'1975-08-08 23:30:22',4),
  (1,28,3,'1978-12-18 11:53:18',8),
  (2,13,1,'1967-06-10 17:08:01',6),
  (2,13,5,'1995-04-02 04:40:47',7),
  (8,16,4,'1961-04-07 09:46:24',7),
  (8,29,3,'1981-09-05 21:42:47',7),
  (3,39,4,'1970-01-11 23:48:45',6),
  (5,31,2,'1961-11-04 18:59:23',3),
  (9,35,3,'1993-05-26 19:09:03',7),
  (9,12,4,'1961-10-14 17:17:17',9),
  (10,42,2,'1988-02-09 03:48:55',6),
  (7,40,3,'1970-05-04 08:14:35',3),
  (1,46,3,'1997-04-10 12:37:55',8),
  (2,46,2,'1994-02-07 16:08:19',5),
  (3,31,3,'1982-11-22 17:54:14',9),
  (4,6,4,'2001-07-15 22:56:18',2),
  (7,15,3,'1965-03-12 13:24:25',8),
  (10,29,3,'1979-02-03 23:35:37',1),
  (4,21,4,'1968-06-23 19:52:25',7),
  (8,27,4,'1971-12-07 23:22:40',5),
  (8,24,1,'1982-10-30 06:36:31',5),
  (4,17,3,'1984-04-12 22:49:07',5),
  (8,38,4,'1983-10-08 06:07:01',5),
  (2,20,1,'1977-01-10 06:38:52',6),
  (4,6,2,'1963-12-23 18:09:13',7),
  (1,16,5,'1975-05-20 00:15:38',5),
  (8,42,3,'1971-08-24 16:49:03',3),
  (5,32,3,'1964-09-14 09:38:36',4),
  (2,13,3,'1988-06-21 22:22:10',7),
  (1,8,2,'1996-04-19 14:20:38',2),
  (5,47,4,'1959-07-22 08:20:46',3),
  (9,48,4,'1960-02-03 14:27:50',6),
  (6,36,4,'1990-12-19 17:34:27',5),
  (8,30,3,'1983-05-01 11:34:26',7),
  (9,5,4,'2001-09-02 10:16:18',5),
  (7,35,4,'1974-03-03 18:08:44',4),
  (9,44,3,'1986-01-02 11:57:12',3),
  (6,33,4,'1961-01-05 01:42:41',5),
  (8,39,2,'2000-01-31 13:15:08',3),
  (5,26,3,'1962-05-04 18:36:02',2),
  (3,16,4,'1961-02-11 03:22:49',3),
  (5,17,3,'1992-09-11 07:03:17',2),
  (7,3,4,'1962-03-27 23:24:02',10),
  (3,10,4,'1993-07-22 03:37:41',1),
  (2,15,5,'1995-06-14 21:28:48',3),
  (9,18,5,'1993-06-15 03:39:20',4),
  (9,34,4,'1986-10-29 03:48:09',3),
  (10,4,1,'1971-05-30 03:06:20',6),
  (4,26,5,'2000-08-08 19:09:09',9),
  (6,5,4,'1960-04-17 10:31:08',7),
  (2,36,3,'1967-06-03 11:58:47',8),
  (2,21,2,'1979-11-26 22:52:28',3),
  (3,8,2,'1975-08-29 19:12:26',3),
  (4,17,3,'1992-10-21 23:26:19',8),
  (2,16,3,'1968-07-23 15:44:34',3),
  (1,48,1,'1973-11-18 20:59:27',4),
  (9,15,3,'1963-06-12 15:34:37',5),
  (3,29,3,'1968-04-10 18:33:31',8),
  (2,30,2,'1994-07-21 03:40:56',5),
  (1,17,5,'1991-11-13 19:04:23',1),
  (4,18,3,'1975-02-13 17:56:04',5),
  (1,4,3,'1989-03-29 07:32:23',10),
  (5,38,3,'1988-12-25 07:58:29',6),
  (6,17,4,'2000-08-23 12:09:32',10),
  (1,5,1,'1988-07-19 12:10:44',10),
  (8,45,4,'1969-03-03 05:05:01',9),
  (6,48,3,'1976-12-28 01:44:25',7),
  (6,45,2,'1986-12-05 05:07:30',1),
  (3,50,1,'1962-08-20 18:29:59',6);

  
